<?xml version="1.0" encoding="UTF-8"?>
<project-private xmlns="http://www.netbeans.org/ns/project-private/1">
    <editor-bookmarks xmlns="http://www.netbeans.org/ns/editor-bookmarks/2" lastBookmarkId="0"/>
    <open-files xmlns="http://www.netbeans.org/ns/projectui-open-files/2">
        <group>
            <file>file:/E:/OperadoraTelefonia-master/OperadoraTelefonia-master/src/AT/Main.java</file>
            <file>file:/E:/OperadoraTelefonia-master/OperadoraTelefonia-master/src/AT/Arquivo.java</file>
            <file>file:/E:/OperadoraTelefonia-master/OperadoraTelefonia-master/Dados.txt</file>
            <file>file:/E:/OperadoraTelefonia-master/OperadoraTelefonia-master/Relatorio.txt</file>
        </group>
    </open-files>
</project-private>
